text|source|chunk_id
"{

""关键词"": [""实践组"", ""任务"", ""服务器"", ""内网穿透"", ""图像处理"", ""自然语言处理"", ""爬虫"", ""数据库"", ""环境配置"", ""邮件推送"", ""个性化订阅""],

""文章摘要"": ""本文概述了一学期中学生们在实践学习中的多个项目和任务，包括图形化界面探索、数据库工具使用、服务器管理（如内网穿透和远程连接）、图像和文本处理技术（如爬虫和自然语言处理）、以及协同工作下的个性化订阅、邮件推送和用户偏好采集等。每个成员的工作内容和成果都有所涉及，并强调了实践组单独任务的重要性。""

}"|data\2023秋季学期索引文档.txt|2b5cf849265e4968a6bdb12f1acf2bd5
"{

""关键词"": [""图像处理"", ""光学字符识别"", ""思维导图""],

""文章摘要"": ""作者探讨了利用技术自动总结思维导图图片内容的方法，提到需要结合图像处理和自然语言处理，通过识别图片中的文字来实现。提到了光学字符识别的代码示例，但指出实际应用中可能需要更复杂的预处理、文本解析和可能的机器学习模型。同时，作者提到识别效果受图像质量和文字特点影响，给出了优化建议，如提高图像质量、预处理、调整参数和可能使用其他工具或库。""

}"|data\3.2 图片摘要.txt|866fde9345814c4291e460a3343a78c5
{ '关键词': ['倒排索引', '聚类算法', '词嵌入', '层次聚类'], '文章摘要': '本文主要介绍了倒排索引在搜索引擎中的应用，包括其构建过程、在搜索中的作用以及示例代码。同时，讲解了如何通过聚类算法实现推荐系统，涉及数据预处理、特征提取和聚类算法的选择。还讨论了词袋模型和词嵌入在文本处理中的应用，强调了词嵌入在捕捉语义关系和提升推荐准确性上的优势。最后提到了几种常见的聚类算法和一些具体工具，如分词工具和GPU计算平台。' }|data\AI.txt|cc9ea16f5fe14e64a65aec53e3ec0da6
"{

'关键词': ['分词', '停用词', '词性标注'],

'文章摘要': '文档讲述了分词的过程，提到使用预先准备的词性词库，支持精确模式和搜索引擎模式。还提到了处理中文文本时会遇到停用词的去除，以及尝试导入不同数据和解决代码报错的问题。作者在探索如何删除停用词并导出处理后的结果。'

}"|data\jieba分词.txt|9019ff1784b343fe8c4a24b75be65459
"{

""关键词"": [""倒排索引"", ""模式匹配"", ""子串匹配""],

""文章摘要"": ""文章讲述了如何使用倒排索引实现子串匹配算法，涉及到母串和子串的比较，通过设置母指针和子指针来找到子串在母串中的首次出现位置，如果没有匹配则返回特定标记。""

}"|data\KMP算法.txt|6ecde3fd85a34bca9eb95cbe342a9a08
"{

""关键词"": [""自然语言处理"", ""正则表达式"", ""文本处理""],

""文章摘要"": ""作者通过阅读理解，介绍了自然语言处理的基本概念，特别是如何使用正则表达式在文本中匹配与天气相关的问题并给出预设回答。提到的库提供了正则表达式功能，用于模式匹配、搜索和替换，支持文本格式验证、信息提取和内容替换等任务。""

}"|data\NLP-自然语言处理.txt|8f5e3144c33445be84f507906b495a2a
"{

""关键词"": [""词向量"", ""词袋模型"", ""自然语言处理""],

""文章摘要"": ""本文介绍了词袋模型在自然语言处理中的应用，包括词袋模型的概念、文本处理的第一步、中文分词方法（词典匹配和深度学习）、文章推荐算法中的聚类分析，以及对层次聚类、K

means等聚类算法的讲解。""

}"|data\recommend list.txt|c0b0709f3594469c9a0f16d215d76063
"{

""关键词"": [""算法"", ""代码篇"", ""理论篇""],

""文章摘要"": ""作者提到通过阅读《索引匹配图书》中关于【】的入门理论和代码篇，计划在实际项目中应用算法。在学习过程中，作者意识到知识量庞大且难以理解，因此决定跳过复杂的搜索过程，直接使用老师推荐的工具来加快学习进度。""

}"|data\TF-IDF（1）.txt|be2672afa582467fa4c0495534fd7cd0
"{

'关键词': ['词频', '相似度比较', '代码异常'],

'文章摘要': '作者尝试构建查询匹配系统，涉及到分词、词频统计和相似度计算。遇到的问题包括去停用词不足、可能的内存溢出（针对汉语而非英语）、以及代码运行未达预期。通过调整和求助，作者正在逐步接近实现目标——构建索引并展示词典和文本的相似度。'

}"|data\TF-IDF（2）.txt|ee9733e0f86b42f390dbe207b1cb86c8
"{

""关键词"": [""知识管理"", ""协作工具"", ""语雀"", ""版本控制"", ""权限管理"", ""搜索功能"", ""团队协作"", ""知识库"", ""文档管理""],

""文章摘要"": ""本文讨论了语雀这款知识管理和协作工具的优势，包括丰富的卡片功能、信息整理能力、结构化的笔记管理（小记、文档、数据表、图表、知识库）以及其独特的看板视图。文章还强调了语雀在文档创建、版本控制、权限设置、搜索和团队协作方面的特性，对比了与其他平台（如飞书）的差异，突出了其在简化易用性、协作效率和知识库组织上的优点。""

}"|data\一些内容.txt|9378f4d3400f4b77bf00e53c222948fa
"{

""关键词"": [""廖雪峰"", ""菜鸟教程"", ""编程语言""],

""文章摘要"": ""廖雪峰网站提供系统全面的基础教程和高级专题，适合深入学习；菜鸟教程内容实用，侧重实践，有大量示例代码和实战练习，适合初学者快速上手。两者各有优势，根据学习阶段和需求选择适合的资源。""

}"|data\与AI的对话.txt|8196c8c0a771438997084c6cc5b128f4
"{

""关键词"": [""低效"", ""高难度任务"", ""自虐症""],

""文章摘要"": ""描述了作者在尝试一个复杂项目过程中的挫败感，花费了大量时间且影响了学习计划，对自身选择高难度任务表示质疑，但出于兴趣和外部动力坚持下来。""

}"|data\大作业体会.txt|97703a245e4042e287614f18b5f2b44d
"{

""关键词"": [""环境配置"", ""代码运行"", ""互联网搜索""],

""文章摘要"": ""作者决定整理混乱的开发环境，计划借助互联网查找组织框架和配置策略，因课业繁忙暂未执行，预计第五周进行环境优化。""

}"|data\支线：环境配置.txt|485ce337c74b447c82875b49158f7a05
"{

""关键词"": [""知识呈现"", ""自然语言处理"", ""算法分词""],

""文章摘要"": ""本文探讨了作者寻找有效知识呈现方式的经历，重点关注了自然语言处理中的分词算法、索引构建以及词向量技术，包括词向量的搭建和索引匹配方法，并提及了大作业和实践体会的部分。""

}"|data\目录（先看我）.txt|feefafeb30e84390a5a36a5ca69871d3
"{

""关键词"": [""安装"", ""虚拟机"", ""谷歌浏览器""],

""文章摘要"": ""讲述了在特定环境下安装谷歌浏览器及其遇到的问题，如虚拟机名称修改、错误消息、代码调试等，过程充满挑战和反复尝试。""

}"|data\社团大作业分组2.txt|32df8809172b40b2b0cd14503b5677d5
