node_1|node_2|edge|chunk_id
实践组|项目和任务|实践组负责执行一系列的项目和任务|2b5cf849265e4968a6bdb12f1acf2bd5
任务|图形化界面探索|任务中包含了图形化界面的探索|2b5cf849265e4968a6bdb12f1acf2bd5
任务|数据库工具使用|任务中涉及到数据库工具的应用|2b5cf849265e4968a6bdb12f1acf2bd5
服务器|内网穿透|服务器管理包括对内网穿透技术的实践|2b5cf849265e4968a6bdb12f1acf2bd5
服务器|远程连接|服务器管理还包括远程连接|2b5cf849265e4968a6bdb12f1acf2bd5
图像处理|爬虫|图像处理技术如爬虫技术的运用|2b5cf849265e4968a6bdb12f1acf2bd5
图像处理|自然语言处理|同时涉及到文本的处理，如自然语言处理|2b5cf849265e4968a6bdb12f1acf2bd5
爬虫|文本处理|爬虫用于获取和处理网络上的文本信息|2b5cf849265e4968a6bdb12f1acf2bd5
数据库|环境配置|数据库使用过程中需要进行环境配置|2b5cf849265e4968a6bdb12f1acf2bd5
个性化订阅|协同工作|个性化订阅是团队协作的一部分|2b5cf849265e4968a6bdb12f1acf2bd5
邮件推送|用户偏好采集|邮件推送功能涉及到用户偏好数据的收集|2b5cf849265e4968a6bdb12f1acf2bd5
图像处理|光学字符识别|图像处理是光学字符识别的基础，用于从思维导图图片中提取文字信息|866fde9345814c4291e460a3343a78c5
光学字符识别|自然语言处理|光学字符识别后得到的文字信息需要进一步通过自然语言处理进行理解和总结|866fde9345814c4291e460a3343a78c5
光学字符识别|思维导图图片内容|光学字符识别的目标是识别并转换思维导图中的文字部分，以实现自动化内容总结|866fde9345814c4291e460a3343a78c5
图像质量|识别效果|图像质量直接影响光学字符识别的准确性和识别效果|866fde9345814c4291e460a3343a78c5
预处理|光学字符识别|预处理是光学字符识别过程中的重要步骤，可以提升识别的性能|866fde9345814c4291e460a3343a78c5
文本解析|识别后的文本|文本解析用于理解识别出的文字，将其转化为有意义的信息|866fde9345814c4291e460a3343a78c5
机器学习模型|复杂应用|在某些情况下，可能需要使用机器学习模型来优化光学字符识别的性能|866fde9345814c4291e460a3343a78c5
倒排索引|搜索引擎|倒排索引是搜索引擎的核心组成部分，用于高效地存储和检索文本信息。|cc9ea16f5fe14e64a65aec53e3ec0da6
倒排索引|搜索过程|在搜索过程中，倒排索引被用来快速定位包含查询词的文档。|cc9ea16f5fe14e64a65aec53e3ec0da6
聚类算法|推荐系统|聚类算法用于推荐系统中的用户行为分析，以发现相似用户群体并提供个性化推荐。|cc9ea16f5fe14e64a65aec53e3ec0da6
词袋模型|词嵌入|词袋模型和词嵌入都是文本表示方法，词嵌入能更好地捕捉词语之间的语义关系。|cc9ea16f5fe14e64a65aec53e3ec0da6
词嵌入|推荐准确性|词嵌入通过捕捉语义信息提升推荐系统的准确性和用户体验。|cc9ea16f5fe14e64a65aec53e3ec0da6
层次聚类|聚类算法|层次聚类是众多聚类算法之一，它通过逐级合并或分裂数据点形成层次结构。|cc9ea16f5fe14e64a65aec53e3ec0da6
分词工具|文本处理|分词工具是处理文本数据的前期步骤，用于将文本分解成单独的词语。|cc9ea16f5fe14e64a65aec53e3ec0da6
gpu计算平台|聚类算法|GPU计算平台加速了聚类算法等计算密集型任务的执行，提高效率。|cc9ea16f5fe14e64a65aec53e3ec0da6
分词|词性标注|分词是文档处理的第一步，后续进行词性标注来确定每个词在句子中的语法角色|9019ff1784b343fe8c4a24b75be65459
停用词|分词|在处理中文文本时，需要先分词然后移除停用词，提高文本处理效率|9019ff1784b343fe8c4a24b75be65459
停用词|处理后的结果|删除停用词后，得到的结果是进一步分析的基础，如情感分析或主题建模|9019ff1784b343fe8c4a24b75be65459
代码报错|问题|在文档处理过程中，遇到代码报错是需要解决的常见问题|9019ff1784b343fe8c4a24b75be65459
倒排索引|子串匹配|倒排索引是实现子串匹配算法的一种工具，用于加速在长文本中查找特定子串的过程|6ecde3fd85a34bca9eb95cbe342a9a08
子串匹配|母串|子串匹配涉及在母串中查找给定的子串|6ecde3fd85a34bca9eb95cbe342a9a08
子串匹配|子指针|子串匹配算法使用子指针来追踪子串在母串中的位置|6ecde3fd85a34bca9eb95cbe342a9a08
子串匹配|母指针|通过设置母指针，子串匹配确定子串在母串中的起始位置|6ecde3fd85a34bca9eb95cbe342a9a08
子串匹配|首次出现位置|找到子串在母串中的首次完全匹配的位置|6ecde3fd85a34bca9eb95cbe342a9a08
子串匹配|特定标记|如果找不到匹配，子串匹配会返回一个特定的标记表示未找到|6ecde3fd85a34bca9eb95cbe342a9a08
自然语言处理|正则表达式|自然语言处理中使用正则表达式进行文本处理，如匹配天气相关问题|8f5e3144c33445be84f507906b495a2a
自然语言处理|文本处理|自然语言处理是文本处理的一个子领域，涉及理解和生成人类语言|8f5e3144c33445be84f507906b495a2a
正则表达式|库|正则表达式功能是某些库提供的，用于文本处理任务|8f5e3144c33445be84f507906b495a2a
文本处理|信息提取|文本处理包括信息提取，即从文本中抽取特定数据|8f5e3144c33445be84f507906b495a2a
文本处理|内容替换|文本处理可以应用于内容替换，改变文本中的部分内容|8f5e3144c33445be84f507906b495a2a
词袋模型|自然语言处理|词袋模型是自然语言处理中的一种基础文本表示方法，用于文本处理的第一步|c0b0709f3594469c9a0f16d215d76063
词袋模型|中文分词|词袋模型是中文分词方法的基础，通过它进行文本预处理|c0b0709f3594469c9a0f16d215d76063
词袋模型|聚类分析|词袋模型在文章推荐算法中被用于对文本进行分类，如层次聚类和K-means聚类|c0b0709f3594469c9a0f16d215d76063
自然语言处理|词向量|词向量是自然语言处理中的重要技术，与词袋模型一起用于理解和处理文本|c0b0709f3594469c9a0f16d215d76063
算法|理论篇|文章摘要中提到，'算法'的学习包括了入门的'理论篇'，表明理论篇是算法学习的一部分|be2672afa582467fa4c0495534fd7cd0
理论篇|代码篇|理论篇和代码篇是相互关联的，通常理论篇在前，代码篇用于实践理论，两者共同构成了学习算法的教程部分|be2672afa582467fa4c0495534fd7cd0
算法|实际项目|作者打算在'实际项目'中应用所学的'算法'|be2672afa582467fa4c0495534fd7cd0
复杂搜索过程|老师推荐的工具|作者计划跳过'复杂搜索过程'，转而使用老师推荐的工具来简化学习|be2672afa582467fa4c0495534fd7cd0
查询匹配系统|分词|查询匹配系统需要分词作为其第一步处理，分词是将文本拆分成有意义的词语的过程。|ee9733e0f86b42f390dbe207b1cb86c8
查询匹配系统|词频统计|词频统计是查询匹配系统的一部分，用于量化每个词语在文本中的出现频率。|ee9733e0f86b42f390dbe207b1cb86c8
查询匹配系统|相似度计算|系统的目标是通过计算词频和词语间的相似度来评估文本间的相关性。|ee9733e0f86b42f390dbe207b1cb86c8
代码异常|内存溢出|代码在处理汉语时遇到内存溢出问题，这可能是由于数据量大或算法效率不高导致的。|ee9733e0f86b42f390dbe207b1cb86c8
代码异常|去停用词不足|去停用词不足可能导致代码运行效果不佳，停用词是指在文本分析中通常忽略的常见词汇。|ee9733e0f86b42f390dbe207b1cb86c8
目标|构建索引|目标之一是构建索引，以便快速查找和比较文本的相似度。|ee9733e0f86b42f390dbe207b1cb86c8
目标|展示词典和文本的相似度|另一个目标是可视化词典和文本之间的相似度结果。|ee9733e0f86b42f390dbe207b1cb86c8
知识管理|语雀|语雀是用于知识管理的工具|9378f4d3400f4b77bf00e53c222948fa
协作工具|语雀|语雀支持团队协作|9378f4d3400f4b77bf00e53c222948fa
语雀|卡片功能|语雀具有丰富的卡片功能|9378f4d3400f4b77bf00e53c222948fa
语雀|信息整理能力|语雀帮助用户整理信息|9378f4d3400f4b77bf00e53c222948fa
语雀|结构化笔记管理|语雀提供结构化的笔记管理|9378f4d3400f4b77bf00e53c222948fa
小记|语雀|小记是语雀的一种笔记形式|9378f4d3400f4b77bf00e53c222948fa
文档|语雀|语雀支持文档管理|9378f4d3400f4b77bf00e53c222948fa
版本控制|语雀|语雀有版本控制功能|9378f4d3400f4b77bf00e53c222948fa
权限管理|语雀|语雀允许权限设置|9378f4d3400f4b77bf00e53c222948fa
搜索功能|语雀|语雀具有搜索功能|9378f4d3400f4b77bf00e53c222948fa
看板视图|语雀|语雀提供看板视图以展示工作流程|9378f4d3400f4b77bf00e53c222948fa
语雀|飞书|语雀与飞书是对比对象|9378f4d3400f4b77bf00e53c222948fa
易用性|语雀|语雀简化了易用性|9378f4d3400f4b77bf00e53c222948fa
协作效率|语雀|语雀提高了协作效率|9378f4d3400f4b77bf00e53c222948fa
知识库|语雀|语雀注重知识库的组织|9378f4d3400f4b77bf00e53c222948fa
廖雪峰|菜鸟教程|廖雪峰网站与菜鸟教程是两种不同的编程学习资源，前者系统全面适合深度学习，后者实践性强适合初学者入门|8196c8c0a771438997084c6cc5b128f4
廖雪峰网站|基础教程|廖雪峰网站提供系统全面的基础教程|8196c8c0a771438997084c6cc5b128f4
廖雪峰网站|高级专题|廖雪峰网站也提供高级专题供深入学习|8196c8c0a771438997084c6cc5b128f4
菜鸟教程|实践|菜鸟教程侧重实践，有大量示例代码|8196c8c0a771438997084c6cc5b128f4
菜鸟教程|实战练习|菜鸟教程包含实战练习帮助初学者快速上手|8196c8c0a771438997084c6cc5b128f4
低效|高难度任务|‘低效’描述了执行‘高难度任务’过程中产生的效率低下问题|97703a245e4042e287614f18b5f2b44d
高难度任务|自虐症|‘高难度任务’可能是‘自虐症’的一种表现，即过度自我施压|97703a245e4042e287614f18b5f2b44d
自虐症|作者|作者的行为可能反映了他们具有‘自虐症’倾向，尽管出于兴趣和外部动力坚持|97703a245e4042e287614f18b5f2b44d
复杂项目|挫败感|完成‘复杂项目’引发了‘挫败感’|97703a245e4042e287614f18b5f2b44d
学习计划|影响|‘高难度任务’对‘学习计划’产生了负面影响|97703a245e4042e287614f18b5f2b44d
开发环境|互联网搜索|作者计划通过互联网搜索来查找组织框架和配置策略以优化开发环境|485ce337c74b447c82875b49158f7a05
开发环境|组织框架和配置策略|优化的目标是获取和应用合适的组织框架和配置策略来整理开发环境|485ce337c74b447c82875b49158f7a05
环境优化|第五周|预计在第五周进行环境优化，表明这是一个时间相关的事件|485ce337c74b447c82875b49158f7a05
知识呈现|自然语言处理|知识呈现是自然语言处理的一部分，讨论了通过自然语言处理实现的有效知识表示方法|feefafeb30e84390a5a36a5ca69871d3
自然语言处理|算法分词|自然语言处理中的关键步骤之一是算法分词，它是理解和处理文本的基础|feefafeb30e84390a5a36a5ca69871d3
算法分词|词向量技术|分词算法与词向量技术密切相关，后者用于处理和表示分词后的词语|feefafeb30e84390a5a36a5ca69871d3
词向量技术|索引构建|词向量技术常常与索引构建结合，以提高信息检索的效率|feefafeb30e84390a5a36a5ca69871d3
大作业|实践体会|文章中的大作业和实践体会部分反映了作者对所学知识的实际应用和理解过程|feefafeb30e84390a5a36a5ca69871d3
安装|谷歌浏览器|这个句子描述了如何在某个环境中执行安装操作，即安装过程是主体，谷歌浏览器是目标应用。|32df8809172b40b2b0cd14503b5677d5
虚拟机|谷歌浏览器|在这个上下文中，虚拟机是安装谷歌浏览器的平台，表示虚拟机为安装提供了环境。|32df8809172b40b2b0cd14503b5677d5
虚拟机名称|谷歌浏览器|提到修改虚拟机名称可能影响到浏览器的安装，说明两者在设置上有所关联。|32df8809172b40b2b0cd14503b5677d5
错误消息|谷歌浏览器|错误消息与谷歌浏览器的安装过程相关，可能是在安装过程中遇到的技术问题。|32df8809172b40b2b0cd14503b5677d5
代码调试|安装|代码调试可能是解决安装过程中错误的一种方法，两者是解决问题和安装步骤的关系。|32df8809172b40b2b0cd14503b5677d5
